program_abbrev,post_count
MBAITM,777
MBA,768
MBAHA,768
BSIT,366
BSITM,195
MSITM,174
MSITMUG,171
BSCSIA,168
BSCS,167
MSCSIA,119
BSACC,90
BSMGT,85
MSML,77
BSSWE,64
BAELED,62
MSCSUG,50
MSCSAIML,47
MSCSHCI,47
BAESELED,46
MHA,45
MSCSCS,45
BSDA,41
MSNUED,41
MSNUFNP,41
MSNULM,41
MSNUNI,41
BSHIM,39
MSSWEUG,37
BSC,34
MSHRM,34
BSFIN,33
MSDADS,32
MSDADE,29
MSDADPE,29
BSSCOM,28
MPH,27
BSPSY,26
MSSWEAIE,25
MSSWEDOE,25
MSSWEDDD,24
MSCIN,21
MATELED,20
BSHR,19
BSNU,19
MATSPED,18
BASPEE,17
BSHS,17
BSMKT,16
MSMK,16
BSHA,12
BSCNE,11
BSCNEAZR,10
MACCA,10
MACCF,10
MACCM,10
MACCT,10
ENDELL,9
MSMKA,9
BASPMM,8
BAESSPEE,5
BSCNEAWS,5
BSUXD,5
MSEDL,5
MATEES,4
BSCNECIS,3
BSPH,2
BSSESB,2
BSSESC,2
BSSESE,2
BSSESP,2
MASEMG,2
MASESB,2
MASESC,2
MASESE,2
MASESP,2
MATSESB,2
MATSESC,2
MATSESE,2
MATSESP,2
MEDETID,2
MEDETIDA,2
BSHHS,1
ENDSESB,1
MAMEMG,1
MAMES,1
MATMES,1
MATSSES,1
